Robocops,NA,true,Bill,Smith,100 N Park Ave.,Phoenix,AZ,85017,200-555-1000
Robocops1,NA,true,Bill,Smith,100 N Park Ave.,Phoenix,AZ,85017,200-555-1000
Robocops2,NA,true,Bill,Smith,100 N Park Ave.,Phoenix,AZ,85017,200-555-1000
Robocops3,NA,true,Bill,Smith,100 N Park Ave.,Phoenix,AZ,85017,200-555-1000
Robocops4,NA,true,Bill,Smith,100 N Park Ave.,Phoenix,AZ,85017,200-555-1000
Robocops5,NA,true,Bill,Smith,100 N Park Ave.,Phoenix,AZ,85017,200-555-1000
Robocops6,NA,true,Bill,Smith,100 N Park Ave.,Phoenix,AZ,85017,200-555-1000
Robocops7,NA,true,Bill,Smith,100 N Park Ave.,Phoenix,AZ,85017,200-555-1000
Robocops8,NA,true,Bill,Smith,100 N Park Ave.,Phoenix,AZ,85017,200-555-1000
Robocops9,NA,true,Bill,Smith,100 N Park Ave.,Phoenix,AZ,85017,200-555-1000

